Reading Structure on Sonar: Finding What Holds Fish	https://www.saltwatersportsman.com/finding-underwater-structure/	how to read structure on a screen instead of guessing at it
Trolling Motor Features That Actually Matter	https://www.saltwatersportsman.com/gear/best-boat-trolling-motor-features-for-saltwater-fishing/	which features earn their price on a first boat
Fish Finder Questions Every New Owner Asks	https://www.sportfishingmag.com/answers-to-your-top-fish-finder-questions/	the questions that come up in the first month of ownership
Inshore vs Offshore: Different Electronics Priorities	https://www.sportfishingmag.com/choose-right-electronics-for-inshore-fishing/	how where you run changes what you should buy first
Live and 3D Sonar: What the Extra Views Add	https://www.sportfishingmag.com/find-fish-with-3d-live-sonar-and-all-around-imaging/	what each extra view is actually for, and when it is wasted
Combo Unit or Separate Displays at the Helm	https://www.sportfishingmag.com/story/electronics/combo-or-multifunction-display/	one screen doing everything versus dedicated units
Where to Save and Where Not to on Electronics	https://www.sportfishingmag.com/top-electronics-bargains-for-anglers/	which corners cost nothing to cut and which cost you the unit
Building a Center Console Helm From Scratch	https://www.sportfishingmag.com/top-electronics-technology-for-your-midsize-to-large-center-console/	what goes on the dash first, second and last
Finding Bait: What Your Electronics Are Showing You	https://www.sportfishingmag.com/use-marine-electronics-to-find-fishing-bait/	reading bait versus reading fish versus reading clutter
Electronics Habits That Keep Gear Working	https://boatingmag.com/marine-electronics-tips	the small routines that prevent most failures
Brushless Trolling Motors: What Changed	https://boatingmag.com/gear/new-bow-mount-brushless-trolling-motors/	what brushless actually buys you over brushed
Moving a Trolling Motor to a Power Pole Mount	https://boatingmag.com/gear/move-trolling-motors-from-power-pole/	when relocating the motor is worth the work
Getting Your VHF Ready Before the Season	https://www.boatus.com/news-room/release/5-ways-to-get-your-boats-vhf-radio-ready-for	the pre-season radio checks most owners skip
Electronics Columns Worth Reading	https://www.sportfishingmag.com/wired-to-fish/	how working anglers actually rig their electronics
Learning From the Electronics Pros	https://www.sportfishingmag.com/elex-pros/	what installers see go wrong most often
New Electric Trolling Motors for Salt Water	https://www.saltwatersportsman.com/gear/new-electric-trolling-motors-for-salt-water/	saltwater-specific trolling motor considerations
